fold,bulkformer_ev,cpgpt_ev
0,0.9871572,0.997311
1,0.98724705,0.99732524
2,0.9870962,0.99733496
3,0.9869051,0.9972996
4,0.98695314,0.997347
